year_month,total_transaction_value_crore_bdt,total_transactions_count,notes,source
2024-06,122000,,approx figure reported in press,TBS news aggregation
2024-08,137000,,approx figure reported in press,TBS news aggregation
2024-09,145000,,approx figure reported in press,TBS news aggregation
2024-10,154000,,approx figure reported in press,TBS news aggregation
2024-11,156787.74,652101737,,TBS/Future Startup citing BB data
2024-12,164739.36,670050218,record month at time of reporting,TBS/Future Startup citing BB data
2025-01,171664.12,721866474,,Future Startup citing BB data
2025-03,178000,638000000,all-time high at time of reporting; pre-Eid-ul-Fitr surge,TBS news reporting citing BB data
2025-08,151000,653600000,,The Financial Express "cashless economy" report citing BB data
